Alan Humpherys = Alan Humpherys <alangh@adium.im>
Aleksei Gorny = Aleksei Gorny <aleksei.gorny@gmail.com>
Andreas Monitzer = Andreas Monitzer <am@adium.im>
Ariel Chinn = Ariel Chinn <arielchinn@gmail.com>
Colin Barrett = Colin Barrett <colin@springsandstruts.com>
David Smith = David Smith <catfish.man@gmail.com>
Elliott Harris = Elliott Harris <elliott@adium.im>
Eric Richie = Eric Richie <eric@adium.im>
Evan Schoenberg = Evan Schoenberg <evan@adium.im>
Matt Handley = Matt Handley <applmak@gmail.com>
Mike Abdullah = Mike Abdullah <me@mikeabdullah.net>
Peter Hosey = Peter Hosey <hg@boredzo.org>
Robert Vehse = Robert Vehse <robertvehse@fastmail.fm>
Ryan Govostes = Ryan Govostes <ryan@adium.im>
Shawn Khan = Shawn Khan <shawn.khan@gmail.com>
Smew = Smew <smew@adium.im>
Stephen Holt = Stephen Holt <sholt@adium.im>
alangh = Alan Humpherys <alangh@adium.im>
mathuaerknedam = mathuaerknedam <adium@ei8ht.us>
